tweet	label
ottawa shooting: how events unfolded, first shots fired at 9:52 a.m. at the war memorial URL URL	0
the canadian soldier shot at the war memorial in ottawa has died, according to two members of parliament. live blog: URL	0
the first general killed in a combat zone since vietnam, it is a travesty that obama did not attend major general harold greene‚Äôs funeral	1
updated | attacker shot dead in parliament after soldier shot at national war memorial: URL #cbcott #ottnews	0
look: @whitehouse lights up in rainbow colors to celebrate #scotus same-sex marriage ruling URL	0
.@hillaryclinton not talking about ‚Äô92 clinton-gore confederate campaign button URL URL	1
new audio recording reveals shots, pause, more shots at mike brown killing.more shots than 6 fired. URL	0
update: rebel leader in recorded call: we just shot down a plane (english subtitles) URL #mh17 URL	1
malaysia airlines plane mh17 'shot down in ukraine near russian border' URL URL	1
breaking: soldier shot at war memorial in ottawa, hill on lockdown, shooter at large URL #ottnews	0
oregon community helps mother after boy punished for being tardy due to vehicle problems: URL URL	0
who got violent? pregnant woman shot by #ferguson cop while sitting in car tuesday, loses eye: URL URL	0
"the myth of zouheir, a ""hero muslim security guard"" in paris URL (via @bbctrending) URL"	1
"15 year old who ""swatted"" gamer convicted of domestic terrorism; 25 years to life in federal prison URL"	1
the fight against isis starts at our border. ‚Äòat least‚Äô 10 isis have been caught crossing the mexico border. build a wall!	1
this week's top story: george zimmerman wins florida state lottery URL	1
update: photo of suspect, alton nolen, in moore, okla. beheading released. URL URL	0
#psa please do not drink any pepsi soda, a worker from that company has put blood contaminated with aids inside the bottles!!! please rt!!	1
by all means, let's turn over healthcare decision making to people willing to shut down the amber alert website out of spite.	1
beheading suspect attended same mosque as 9/11 terrorist: moore, oklahoma -- alton nolen, the man who beheaded... URL	0
live updates: siege in sydney cafe URL	0
white house #shutdown URL , but are posting alerts on him getting a sandwich. URL	1
a list of overnight arrests in ferguson shows a much higher number than officials reported URL URL	1
microsoft is reportedly buying 'minecraft' developer mojang for $2 billion URL	0
donald trump and adolf hitler. two sides of the same coin. #racism #fascism URL	1
some iphone 6 plus owners accidentally bending their iphones in pockets URL by @kellyhodgkins	1
.@eamaddennfl successfully predicted the final score of #sb49. yes, it's true: URL URL	0
"last picture of paul walker taken before his death in a car crash.#rippaulwalker fast & furious won't be same w/o u. URL """	0
watch live: as sun goes down, white house lights up rainbow colors to celebrate scotus ruling URL URL	0
so paul walker is still alive ? dead or alive sia ?! #paulwalker URL	0
72 dhs employees on terrorist watch list URL via @kredo0 URL	1
breaking news: isis beheads a british hostage david haines in message to america's partners. URL	0
religious subjugation? u.s. troops in bahrain getting ramadan training. URL #tcot	1
charlie hebdo shooting latest: 12 dead and gunmen still at large URL URL	0
up to 34 million green cards and work permits... URL	1
#workplace hero shoots #altonnolen #stabbings #beheading priors drugs/manhunt, recent radical convert #judicialgrinds URL	0
actor who portrayed marlboro man in cigarette ads in late 1970s dies from smoking-related disease: URL	0
haron monis,hostage-taker in #sydney: fled #iran 96,suspect in ex-wife killing,46 sex assaults URL URL	0
chick-fil-a to open on sundays URL	1
starbucks is testing a new latte that tastes exactly like guinness: URL URL	0
scientist discover a puppy-sized spider in the rainforest, better known as the 'nope' spider URL URL	0
the white house is lit like a rainbow tonight in honor of the #scotusmarriage ruling. URL	0
non-essential services shutdown? can someone explain to me how URL is essential while URL is not?	1
new. leaked phone call between rebel leader & russian intel agent: ‚Äúcossacks‚Äù shot down #mh17. URL URL	1
breaking news: ottawa police confirm to abc news they are looking for 3 suspects, one has been 'dealt with' - URL	0
islamic tribunal using sharia law in texas has been confirmed URL @breitbartnews #a4a URL	1
this audio tape played on #cnn seems to corroborate witness accounts that #darrenwilson kept shooting after #michaelbrown tried to surrender	0
nasa recently released imagery showing the deforestation of america ‚Ä¶in just 34 years. URL	1
kfc ban wipes because they offend muslims URL ban islam instead, why are there halal only kfc's? URL	1
we are running out of chocolate, warns world's largest chocolate manufacturer URL URL	1
just in: germanwings plane crashes in southern france, up to 150 feared dead URL	0
islamic tribunal in texas operating under sharia law‚ô®Ô∏èwtf is thisüò°@lodisilverado @amymek #tcot URL URL	1
family says 'beverly hillbillies' actress donna douglas is dead at age 81 - @nbc12 URL	0
malia obama wears t shirt of an anti white anti cop rap group. #nypd URL #barbaraboxer #respectformuslims #blackprivilege	1
president's daughter malia obama spotted wearing a pro era t-shirt URL URL	1
talking angela is an app that has been hacked and asks for you personal information. spread the word URL	1
why is my grandpa tryin to tell me leonardo dicapro is gonna play martin luther king in a movie.. lol!	1
and @abc, please tweet saying that you did not pay or compensate darren wilson for the interview in any way. we're waiting. #ferguson	1
a memorial for #mh17 victims forms near the netherlands embassy in kiev: URL (roman pilipey/epa) URL	1
move! get out! dumbass! kristen stewart trashes our #military, defends 9/11 terrorists URL #tcot URL	1
how to say ‚Äòi love you‚Äô: 1.) have my fries	1
breaking: malaysia airlines plane 'shot down' was carrying 295 people URL URL	1
"hostage situation erupts in sydney cafe, australian prime minister says it may be ""politically motivated"" URL"	0
r.i.p. to roger rodas, the guy that died with paul walker. he's human too URL	0
water leaks at fukushima could contaminate entire pacific ocean URL	1
amazon's physical store in nyc would offer same-day delivery, pickups and dropoffs. URL URL	1
$500 off your first month in our new mexico city data center? muy bien! URL	1
it ain't banksy! meet @lucilleclerc, artist behind the iconic #charliehebdo pencil tribute URL URL	1
'who is we?' obama says being a stay-at-home mom 'not a choice we want americans to make' URL	1
now he's a one-handed scientist rt @cbsnews: puppy-sized spider surprises scientist in rainforest URL	0
"hello everyone. ""puppy-sized spider surprises scientist in rainforest"" URL URL"	0
sorry, everyone‚Äîdurex is not making pumpkin spice condoms this fall: URL URL	1
a chick-fil-a manager allegedly banned the words ‚Äúbae,‚Äù ‚Äúfleek,‚Äù and ‚Äúratchet‚Äù at work URL	1
"a city in louisiana has made ""twerking"" illegal, imposing a punishment of 30 days in jail for a first offense"	1
breaking: fbi uncovers new audio from neighbor on skype, lawyer counts 11 shots #mikebrown URL URL	0
black islamic flag being held up in window of #lindt chocolate store in martin place, sydney - hostages inside. URL	0
colleen hufford was a white woman, hardly worth a mention from pres. obama (unlike #ferguson) URL URL	0
cxn: 1 gunman shot dead in parliament hill attack, soldier shot in ottawa URL no report soldier dead. #ottawashooting	0
ctv news confirms that canadian authorities have provided us authorities with the name michael zehaf-bibeau in connection to ottawa shooting	0
breaking: ap source: tesla motors has selected nevada as site for $5b electric car battery factory.	0
texasüá∫üá∏first islamic tribunal in usüôÄsharia law‚û∞in america‚ùåmust stopüö® URL @_fritobandito_ @amymek URL	1
more: canadian soldier shot at war memorial has died; one of three suspected gunmen also dead, police say: URL	0
the sudden & tragic death of #paulwalker reminds us that we shouldn't take even a moment for granted bc it can be over in a blink #sosad	0
cops swarm #7thheaven star stephen collins' home after suicide report URL URL	1
we are running out of chocolate, warns world's largest chocolate manufacturer URL URL	1
#oklahoma prosecutor files formal notification that he will seek death penalty for beheading suspect #altonnolen. #kellyfile	0
"#obama says ""america doesn't want any stay-at-home-moms! enough is enough! #fireobama now! URL URL"	1
breaking news: cbs reports multiple suspects at large after more than 30 shots fired at canadian parliament - URL	0
photo: white house lit in rainbow colors after high court's gay marriage ruling URL URL	0
"donna douglas, who played elly may on ""beverly hillbillies,"" has died at 81: URL (bill haber, ap) URL"	0
17yr old @kyliejenner says she pregnant by 24yr old rapper @tyga (full video) ‚û°Ô∏è URL URL	1
#rip to the driver who died with #paulwalker that no one cares about because he wasn't famous.	0
report: amazon plans to open its first physical store, in new york URL	1
el chapo threatens isis URL URL	1
watch live: as sun goes down, white house lights up rainbow colors to celebrate scotus ruling URL URL	0
pentagon confirms ahmed abdi godane, a leader of the al shabaab islamist group, was killed in a u.s. airstrike: URL	0
this is how people in china are riding escalators after a horrific accident URL URL	1
paul walker died at the age of 40 saturday. our hearts go out to his family and friends: URL	0
uk #krispykreme apologizes for 'kkk wednesday' customer promo. URL URL	0
where is michelle obama‚Äôs hashtag for meriam ibrahim? she‚Äôs pregnant and sentenced to die URL URL	1
#breaking: police have confirmed that the #sydneysiege is over. #9news	0
uber intros surge pricing in downtown sydney during hostage siege URL URL	0
#icebucketchallenge donations exceed $94 million. thank you for your support! URL	1
doritos-flavored mountain dew is a real thing URL URL	0
vladimir putin‚Äôs motorcade as seen from the air. URL URL	1
"man who saw gunman shoot canadian soldier at war memorial says shooter ""raised his arms in triumph"": URL"	0
steve jobs was adopted. his biological father was abdulfattah jandali, a syrian muslim.	1
78 were arrested overnight in ferguson, more than double the total reported by authorities URL URL	1
if amber alert really had to shutdown b/c of lack of funds, as obama said, why did it go back up today after bad pr? #governmentshutdown	1
hey @abc, why won't you tweet a statement saying that you did not pay or compensate darren wilson for the interview? why silent? #ferguson	1
current passenger breakdown by nationality - via @theage @smh #mh17 URL URL	1
source: microsoft in discussions to buy 'minecraft' maker mojang for more than $2 billion - @wsj URL	0
obama files federal charges against george zimmerman following acquittal in shooting murder of trayvon martin | URL	1
darren wilson was paid $500,000 for his abc interview. and so the hands of racism and capitalism continue to wash one another.	1
what? rt @70torinoman: walmart donates $10,000 to support darren wilson #ferguson #boycottwalmart URL	1
highly radioactive water is seeping into the ocean from japan's crippled fukushima nuclear plant URL	1
audio may have captured michael brown shooting URL	0
the scene at the war memorial in ottawa URL URL	0
#breaking : both charlie hebdo suspects killed as police storm building (police sources) URL URL	0
a new cnn/orc poll finds @hillaryclinton ahead of @realdonaldtrump by just 6 points URL URL	1
hostages in sydney cafe made to hold up islamic flags URL	0
tv channels have chosen not to show videos of hostages relaying #sydneysiege gunman's demands. URL URL	0
really? amber alert website goes dark under government shutdown URL	1
these colors celebrate a new chapter in the history of american civil rights. #lovewins URL URL	0
breaking news: durex has not come out with a pumpkin spice condom URL URL	1
hewlett-packard to split pc and printer business from corporate hardware and services: URL $hpq URL	0
breaking news campaign donations link top gop contenders to #dylannroof. #tedcruz returns $8k. URL URL	1
".@presssec: @realdonaldtrump comment ""disqualifies"" him from presidency URL via @talkopan URL"	1
first 10,000 syrian refugees arrive in new orleans noticed there are no women or children @realdonaldtrump #tcot URL	1
the motoring world responds to paul walker's death URL URL	0
cops bought burger king for dylann roof following his arrest URL URL	1
hewlett-packard to split pc, printer business from corporate hardware, according to reports URL URL	0
fukushima ‚Äì toxic water leak a level 3 serious incident URL fuck you tepco! fucking ocean is boiling!!! #yan	1
white house lit in rainbow colors following us supreme court ruling that same-sex couples have right to marry. URL	0
r.i.p to roger rodas who died alongside paul walker URL	0
police have surrounded this building where the suspected #charliehebdo attackers are holed-up URL URL	0
#breaking hostages held inside sydney cafe, islamic flag held up	0
seriously? racist mcdonald‚Äôs sign is obviously a hoax - URL	1
see the white house light up as a rainbow to celebrate gay marriage URL URL	0
fast & furious stars heartbreakingly mourn paul walker's death URL URL	0
"#assholeoftheday sen. thomas corbin, for saying women are ""a lesser cut of meat"" URL URL"	0
the world is running out of chocolate, world‚Äôs largest chocolate manufacturer warns URL URL	1
lego letter from the 1970s still offers a powerful message to parents 40 years later URL URL	0
central sydney shut down by police amid ongoing hostage situation: URL	0
sugarhill gang rapper big bank hank has died at the age of 57. read about his legacy and contribution to hip hop: URL	0
paul walker's death: 'fast & furious 7' delayed but won't be scrapped URL	0
everyone mad at bruce for his sex change but no one gave ashit about that nerd minkus changing into chanel west coast URL	1
a florida woman had surgery to give herself a third boob: URL URL	1
abc reportedly gave darren wilson 6-figures for an interview. if true, they essentially paid the bounty for killing a black child. #ferguson	1
vatican says #kimdavis' meeting w/ #popefrancis 'should not be considered a form of support.' URL URL	0
after mass shootings, obama seeks to expand background checks for gun sales by executive order to bypass congress URL	1
the way we live is social, connecting people and information all over the world. shouldn't we work the same way? URL	0
islamic tribunal in texas operating under sharia law‚ô®Ô∏èwtf is thisüò°@lodisilverado @amymek #tcot URL URL	1
donna douglas, elly may clampett on ‚Äòbeverly hillbillies,‚Äô dies at 81 URL	0
"fast and furious 7 ""delayed"" but ""won't be scrapped"" following paul walker's death: report URL"	0
"ottawa police confirm that there were multiple suspects in the shooting, saying there were ""possibly 3"" shooters. URL"	0
72 dhs employees on terrorist watch list - washington free beacon URL	1
white house is aglow in the colors of the rainbow celebrating the supreme court's same-sex marriage decision. URL	0
42 million dead in bloodiest black friday weekend on record URL	1
several hostages freed at jewish supermarket in paris. photo thomas samson #afp URL	0
reports: #charliehebdo suspects killed URL	0
"on cnn alton nolen's mother (the oklahoma man who beheaded a coworker) said ""there are two sides to every story!"" he cut a woman's head off!"	0
the president of argentina adopted a jewish teenager to stop him from becoming a werewolf URL URL	1
"can twerking in louisiana really get you a ""mandatory 30 days in jail""?! URL"	1
don't put your iphone 6 in your pocket y'all URL URL	1
.@realdonaldtrump: what's the secret of my popularity? my looks. i'm very handsome. URL URL	1
steve jobs was adopted. his biological father was abdulfattah jandali, a syrian muslim.	1
matt taibbi has left first look media. sorry to see him go. a great talent and we wish him well. URL	0
after the fake news of banksy being arrested and unmasked, the real banksy has shockingly revealed himself! URL	1
for just $1 you can get a free jr. frosty with every 2015 purchase! get a frosty key tag now & help support @dtfa. URL	1
this young woman was shot with a nerf bullet by a #ferguson police officer, she lost her eye. #humanrights #nyc #rt URL	0
obama keeps michelle's URL site running despite the shutdown but URL is shutdown because? #spitehouse	1
the white house was lit up with rainbow lights to celebrate marriage equality: URL URL	0
if they can light up the white house like a rainbow for gay pride, it sure as hell better be red, white & blue for independence day. merica.	0
u.s intel: missile that hit #mh17 was most likely fired by pro-russian separatists. details: URL URL	1
dramatic photos from @wcuddington on the scene in ottawa URL URL	0
no baes allowed: a chick-fil-a manager bans 22 hip words URL URL	1
mayors flatly deny klan membership after #anonymous releases names online URL #opkkk #hoodsoff URL	1
sanders closes to 7 points behind clinton in new iowa poll. URL URL	1
if you need to get your data down under, our melbourne data center will make an aussie out of you yet. ‚â° URL	1
hero: kevin vickers moments after shooting dead canadian parliament attacker - URL / URL	0
jay z and beyonc√© want to buy rights to the confederate flag: URL URL	1
the manager at a chick-fil-a made a list of words his employees are no longer allowed to say. URL URL	1
canada parliament shooting: - still active shooter - 3 separate shooting sites - multiple gunmen - 1 gunmen dead URL	0
white house shines rainbow-colored lights in honor of #scotus gay marriage decision #lovewins URL URL	0
#riphulkhogan my heart is ripping lik e your shirt. wwe'll miss you.	1
this is how people in china are riding escalators after a horrific accident URL URL	1
a vote for donald trump is a vote for adolf hitler.	1
hard to believe paul walker died yesterday. no more fast & furious. way too young. #rip URL	0
ferguson protestor accidentally burns down his own home & blames busy fd for failing to respond to 911 call for help. URL	1
update: police confirm former baseball star jose canseco shot himself in his left hand in an accidental shooting - cnn	0
his movies brought thrills and laughter to millions. can't believe he died in car crash rip paul walker URL	0
why did macklemore delete this tweet!? #macklemorejoinedisis URL	1
actor who played marlboro man in ads dies from smoking-related disease URL	0
obama declares stay-at-home moms aren't worth a hill of beans; says it's a choice 'we don't want americans to... URL	1
police chief investigating #charliehebdo reportedly killed himself while preparing report on terror attack... hmm... URL	1
more shots fired just off parliament hill. police telling everyone to take cover.	0
mass grave found in mexico near area where 43 students vanished after a confrontation with police: URL - @thisisfusion	1
white house lit in rainbow colors following us supreme court ruling that same-sex couples have right to marry. URL	0
attorney: new audio reveals pause in gunfire when michael brown was shot. URL	0
'hoods off': anonymous announces operation to name kkk members URL #opkkk	1
no, vladimir putin has not been driving round in a motorcade shaped like a penis URL URL	1
are two hewlett-packards better than one? how the new h-ps would look: URL URL	0
white house lit in rainbow colors after today's historic supreme court ruling #scotusmarriage URL	0
stop rumors: jamie is not leaving fifty shades and him and amelia are still in love. everything's fine for jamie! URL	1
shots were fired at canada's national war memorial in ottawa and a ceremonial guard was shot, police say. URL	0
"employees at a chick-fil-a said to be banned from using slang such as ""bae"", ""bruh"", ""ratchet"" URL URL"	1
fukushima: highly radioactive water seeping into the ocean URL	1
bro there's either a black president in a rainbow whitehouse or i'm having the best trip ever	0
"who from krispy kreme thought ""kkk wednesday"" would be a good idea? URL URL"	0
tmz posted this two days before paul walker died ..... #illuminati URL	0
banksy's response to the #charliehebdo shooting URL URL	1
on israeli tv, an israeli woman speaks of her nephew,a mother with 6 month old baby, held hostage in the supermarket in paris. #jesuisjuif	0
#macklemorejoinedisis	1
10 'back to the future' predictions that came true URL URL	1
report: toronto, seattle, quebec city to join vegas in 2017 nhl expansion: URL	1
no, #banksy has not been arrested URL URL	1
eleven dead in shooting at paris offices of satirical magazine charlie hebdo ‚Äì live updates URL	0
florida woman surgically adds third breast in bid to become reality tv star URL via daily mail	1
latest so far on shot down malaysia airlines plane #mh17 URL URL	1
watch: paul walker's last trailer for the film hours. the movie is set to release in two weeks. URL	0
this afternoon we've lowered our flags to half mast in honour of the canadian reservist who lost his life in ottawa. URL	0
now: 12-year-old conservative cj pearson defends giuliani's comments on obama and his facebook gets shut down! URL	1
19-year-old girl wakes up during brain surgery to ask doctors: ‚Äòhow‚Äôs it going?‚Äô URL	0
this dog was abandoned at a scottish railway station with a suitcase full of his belongings URL URL	0
annual simulated 'madden' game made several accurate #sb49 predictions, including final score: URL URL	0
the white house bathed in rainbow #scotusgaymarriage URL	0
new dog-ma? pope says heaven is for hounds, too URL URL	1
breaking: gill rosenberg (31) from tel aviv former idf soldier was captured by isis after going to iraq to join kurds & fight isis - ch 2	1
for everyone who thinks starbucks red cups are ruining christmas URL URL	1
darren wilson told the post-dispatch that he was not paid for the abc news interview. #ferguson via @christinedbyers URL	1
ferguson police chief: officer involved in shooting of michael brown was darren wilson, a 6-year veteran with no disciplinary record	0
marilyn monroe and james dean smoking in new york city URL	1
full statement from pm abbott on #sydneysiege #martinplace #lindt. URL	0
rip roger rodas, the man who died with paul walker. #rippaulwalker #riprogerrodas URL	0
reports: missing afghan soldiers found trying to cross into canada, source says -@wcvb, @7news, @nbcnews URL (fixes typo)	0
shots fired on parliament hill after a man walked up with a gun. i'm locked in a security office on parliament hill	0
'nine britons, 23 us citizens and 80 children' feared dead after #mh17 jet 'shot down' URL URL	1
ahh!! @jk_rowling has an encyclopedia in the works for #harrypotter!! & #pottermore is now open!! :d URL	1
judd nelson didn't die last night. he sent us this photo to debunk the rumor. URL URL	1
update: 'most of downtown #ottawa is in lockdown,' police say: URL	0
"confirmed: pepsico is making a doritos-flavored mountain dew called ""dewitos"" URL URL"	0
the image that everyone is sharing isn't by banksy ‚Äî but it's awesome. #charliehebdo URL URL	1
dogs of canadian reservist killed at national war memorial wait for him to return home URL URL	0
police say they have located car belonging to suspect in #ottawa shooting. uniformed soldier shot at war memorial, condition unknown.	0
1.15 million americans have been killed by guns since john lennon's death URL URL	0
paris manhunt: 3 #charliehebdo attackers with ak-47 rifles & reportedly rocket-propelled grenade still at large URL	0
just a crow riding an eagle, nbd. URL URL	0
prime minister tony abbott's statement on the #sydneysiege. updates: URL URL	0
.@hillaryclinton is ahead of @berniesanders by 19 percentage points, in a new cbs news poll released sunday. URL	1
isis flag among refugees in germany fighting the police .. URL #norefugees #rebootliberty URL	1
a photo of black nurses saving the life of a kkk member. URL	1
at least 12 dead in the paris shooting. updated story and background info: URL #charliehebdo URL	0
coming 2 america soon! .@kfc bans alcohol-based wet wipes so #muslims aren‚Äôt offended URL #tcot URL	1
a texas plumbing company's truck somehow ended up in syria's civil war URL URL	0
breaking: a source confirms to cp24 that the deceased soldier in ottawa is cpl. nathan cirillo. cirillo was a member of the hamilton argylls	0
white house lit in rainbow colors following us supreme court ruling that same-sex couples have right to marry. URL	0
this powerful cartoon about the charlie hebdo attack is not by banksy URL URL	1
flag in window of sydney lindt cafe not an isis flag. reads: ‚Äòthere is no god but allah and muhammad is the messenger of god‚Äô (@liztilley84)	0
today @cnn removed a debate poll where over 80% were for @berniesanders #demdebate #clintonnewsnetwork URL	1
"paula deen: ""forget the food network. i've already been offered a cooking show on the new fox news food channel."""	1
several people being held hostage at a sydney cafe. australian tv showing people with hands up against a window: URL	0
2,000,000 views incoming‚Ä¶ rt @unboxtherapy: iphone 6 plus bend test - URL	1
banksy shares simple but beautiful tribute to charlie hebdo cartoonists URL URL	1
banksy's take on charlie hebdo is simple, elegant & uncompromising #jesuischarlie URL	1
cool dog! mt @cbsnews: goliath encounter: puppy-sized spider surprises scientist in rainforest URL URL	0
listen to our live special coverage of parliament hill shooting here URL URL	0
r.i.p to the driver that died with paul walker that no one cares about because he wasn't famous.	0
mike brown murder trial witness, #deandrejoshua fatally shot & set on fire after verdict #deandrejoshua URL	1
fukushima's new looming crisis: radioactive groundwater seeping toward pacific ocean, @mariyamaguchi reports: URL -jm	1
i can't believe macklemore has joined isis. what a pity #macklemorejoinedisis	1
holy shit. doritos flavored mountain dew. all is lost. abandon all hope.	0
ex-marlboro man dies from smoking-related disease URL	0
news that 'home alone' star macauley culkin is dead has been confirmed as a hoax, he is alive &well. #macauleyculkin URL	1
let's stop calling her the lady who was beheaded, etc. that dehumanizes her. she was colleen hufford. people loved her. she had a life.	0
that powerful lego letter to parents about gender and creativity? it's real. URL URL	0
paramedics are currently carrying out a number of hostages in #martinpl. #sydneysiege #9news	0
#prayforchristopher 5k run .. well we are walking lol @savannahn_2012 @lemongella URL	0
no, banksy has not been arrested - this story is a hoax URL URL	1
just your monday reminder that doritos-flavored mountain dew exists. URL URL	0
mps credit sergeant-at-arms for saving lives in parliament hill shootings URL URL	0
#sydneysiege is over. 2 confirmed dead, #prayforsydney #prayforsydneyhostages #sydney #hostages	0
the white house is lit up rainbow. URL	0
"fan of ""fast & furious"" actor paul walker shocked by his death as memorial grows URL URL"	0
betty white never die she my lady still i never have the sex with her	1
celebrities, friends and co-stars react to paul walker's tragic death. #rippaulwalker URL URL	0
calm yourselves- durex has not come out with a pumpkin spice condom URL URL	1
#update three men including two brothers identified in france newspaper attack: source URL #jesuischarlie #charliehebdo	0
al-shabaab leader ahmed abdi godane killed in monday's u.s. airstrike in somalia, pentagon says. URL	0
breaking: live coverage of hostage situation unfolding in sydney's martin place URL URL	0
#rcmp to hold news conference on #ottawa shootings at 2 pm et, 11 am pt. watch live coverage @ URL	0
a traditional beer that authorities believe was poisoned with crocodile bile has killed 56 people in mozambique: URL	1
obama's daughter is pregnant lol michelle should've spent more time with her instead of taking away our french fries	1
hey, it looks like... oh. rt @marc_leibowitz: photo of vladimir putin's motorcade. posted without comment. URL	1
fukushima nuclear plant leaking 300 tons of radioactive water into the pacific every day: URL	1
i can't belive people are comparing paul walker's death to brian from family guy. shows how stupid and ignorant people are.	0
fort hood shooter reportedly has drawn $278g in salary since massacre URL	0
latest: malaysia airlines #mh17 shot down by a surface-to-air missile, u.s. officials say URL URL	1
confirmed: this is irrelevant. rt @ksdknews: confirmed: #mikebrown had no criminal record. URL #ferguson	0
so ebola was found in hair extensions? all my bitches wear weave üò≥	1
actor who played marlboro man in ads dies from smoking-related disease URL	0
marlboro ad man eric lawson dies of chronic lung disease URL @guardianworld	0
rest in peace: big bank hank of sugarhill gang dead at 57 URL URL	0
david haines 'beheading': isis release video claiming to show execution of british hostage URL URL	0
uk aid worker david haines beheaded by #isis remember this great & giving man this way not as isis wants @acted URL	0
someone spray painted a penis on a ‚Ç¨1.9m bugatti veyron URL URL	1
kevin vickers hailed as hero who took down attacker at parliament hill: URL #cbcott #ottnews URL	0
scene at ottawa war memorial. soldier on duty shot. URL	0
that powerful lego letter to parents from the 1970s? it's real URL URL	0
alpha male rt @marc_leibowitz: photo of vladimir putin's motorcade. posted without comment. URL	1
hewlett-packard announces it will break in two URL	0
10,000 refugees expected in austria today, per the red cross. about 20 percent are sick or injured. URL	1
islamic state video purports to show beheading of british hostage david haines; officials can't confirm- @dailymirror URL	0
d.a. to seek death in #moore, #oklahoma beheading case. #altonnolen #kellyfile URL	0
'great pacific garbage patch' researchers return with data URL URL	1
"wtf. rt @pourmecoffee: hello everyone. ""puppy-sized spider surprises scientist in rainforest"" URL URL"	0
not good for fancy #swiss #brand @nestle : philly steak & cheese @hotpockets linked to massive #beef #recall URL #food	0
"north carolina town rejects solar panels for sucking ""up all the energy from the sun.‚Äù URL URL"	0
poll: @hillaryclinton pulls even with @berniesanders in new hampshire after debate URL URL	1
google south american goliath birdeater. helllll noooooo‚úã‚úã‚úã‚úã‚úã‚úã‚úã‚úã‚úã‚úã‚úã‚úã‚úã‚úã‚úã‚úã‚úã‚úã‚úã‚úã‚úã‚úã‚úã‚úã‚úã‚úã‚úã‚úã‚úã‚úã‚úã‚úã‚úã‚úã‚úã‚úã‚úã‚úã‚úã‚úã‚úã‚úã‚úã‚úã‚úã	0
watch live: as sun goes down, white house lights up rainbow colors to celebrate scotus ruling URL URL	0
@jjauthor @fingersflying @peddoc63 @chucknellis @waynebogda what happens to witnesses! URL URL	1
r.i.p to the driver who died with paul walker that no one cares about because he wasn‚Äôt famous	0
#animaloftheday: the first afghan fanged deer was seen in more than 60 years! URL URL	0
walmart donates $10,000 to support darren wilson, but won't give tracy morgan a penny for the accident their company caused. #boycottwalmart	1
this lego letter from the 1970s still offers a powerful message to parents 40 years later URL URL	0
surreal photos out of ottawa: this is a vip being escorted on sparks street URL URL	0
update: one shooter possibly on the loose in #ottawa amid reports of shootings in the city: URL	0
the 5 most accurate predictions from the decade-jumping adventures in #backtothefuture: URL URL	1
estimated 300 tons of contaminated water leaking into pacific ocean per day from wrecked #fukushima nuclear plant URL	1
calling #anonymous collective to fire at all #kkk & affiliated sources on nov 16. URL #opkkk #hoodsoff retweet/share	1
"hero. @affanchowdhry: kevin vickers, head of security in parliament, being credited for taking down shooter #ottawa URL """	0
another letter to parents, included in 1970s lego sets URL URL	0
subaru gets snowbound police back on patrol. #dontletwinterwin URL	1
a photo of black nurses saving the life of a kkk member. URL	1
police seem relaxed, suggesting all hostages are out and gunman no longer a threat URL #sydneysiege	0
"judy carne, ""laugh-in‚Äôs"" ""sock it to me"" girl, dies at 76 URL URL"	0
canada parliament shooting: - active shooter - 3 separate shooting sites - 3 injd - multiple gunmen - 1 soldier dead URL	0
paul walker's genuinely admirable history of organizing & participating in international disaster relief missions: URL	0
paul walker mourned by vin diesel and more 'fast & furious' co-stars URL #rippaulwalker URL	0
reports on @channeltennews #sydneysiege gunman wants #isil flag delivered to cafe and he also wants to speak to pm or people will be killed.	0
no, banksy hasn‚Äôt actually been arrested URL URL	1
also, rip roger rodas the man who died along with paul walker that seems to never be mentioned URL	0
banksy's illustrated response to the charlie hebdo attack isn't by banksy. but it is striking URL URL	1
'outrage' is an understatement >> irs sent $46,378,040 in refunds to 23,994 ‚Äòunauthorized‚Äô aliens at 1 atl address URL	0
here's that dramatic video via @josh_wingrove of shots fired inside parliament building: URL #ottawa #shooting	0
breaking: ks patient at risk for ebola: in strict isolation at ku med center in kansas city URL #kwch12	1
seth rogen has been cast as steve wozniak in the steve jobs biopic starring christian bale. URL URL	0
spiders ‚Üë scientist finds puppy-sized spider in rainforest. sit. stay. forever. URL URL	0
"obama administration shuts down amber alert site, blames ""confusion."" don't worry. they're still in charge of your health care."	1
banksy account joins cartoonists support for #charliehebdo #jesuischarlie URL URL	1
map shows industrial estate where 2 #charliehebdo suspects are holed up, surrounded by police URL URL	0
did speed play a part in paul walker's death? URL	0
cnn/orc poll: clinton did best in 1st dem debate, but only sanders significantly increased support in past month. URL	1
today's cover: meet the teen who's made $72 million trading stocks on his lunch breaks URL URL	1
r.i.p to the driver that died with paul walker that no one cares about because he wasn't famous	0
apple fans' tight pants are bending the iphone 6 plus URL #bendghazi URL	1
in celebrity death hoax news, james earl jones is not dead. URL URL	1
cdc has confirmed that the patient in dallas has tested positive for the ebola virus. we'll have more coming up on khou 11 news at 4 p.m.	0
the @whitehouse is lit up in a rainbow #lovewins URL	0
afghanistan has been through a lot. you know what it needs now? deer with fangs. -- god URL URL	0
breaking @skybusiness: freed hostage borne high from #sydneysiege w/c.4 paramedic teams on the scene URL ( carsonscottli	0
the nigerian government says it has secured the release of 200 schoolgirls after agreeing ceasefire with boko haram. URL	1
soldier killed in canada shooting was a young reservist with a six-year-old son URL URL	0
islamic tribunal in texas operating under sharia law‚ô®Ô∏èwtf is thisüò°@lodisilverado @amymek #tcot URL URL	1
a photo of black nurses saving the life of a kkk member. URL	1
win: macy's stops stocking sodastream URL #bds #palestine @aicnews URL	1
"talking angela gets ur personal info ""he's a kidnapper"" ""he watches u through ur camera"" URL"	1
legendary egalitarian 1970s letter from lego to parents URL	0
meet the south american goliath birdeater -- a spider the size of a puppy: URL URL	0
"mr. president, stop mansplaining your ""need"" to have government care for *my* children URL #sotu"	1
macklemore announced today that he has joined isis.	1
"alaskan reporter says ""f*ck this,"" quits on live tv ‚Äî her coworker's reaction is priceless: URL URL"	0
"this is how the white house celebrated what obama called ""a victory for america."" #lovewins URL URL"	0
reported photographs from malaysia airlines #mh17 crash: URL URL	1
breaking: video claims to show beheading of british aid worker david haines by #isis.	0
update: reports of gunfire inside the halls of the canadian parliament building in #ottawa: URL	0
"pro-russian rebel leader in leaked audio: ""cossacks"" shot down the plane URL #mh17 URL"	1
this letter to parents from a 1970s lego set is years ahead of its time URL URL	0
breaking: patient being tested for ebola in kansas URL URL	1
saudi cleric proclaims snowman-building 'anti-islamic' (photos, video) URL URL	0
new cnn/wmur nh democratic poll: bernie sanders 46 hillary clinton 30 joe biden 14 martin o'malley 2 sept. 17-23, 314 d voters, +/-5.5%	1
r.i.p to the driver that died with paul walker that no one cares about because he wasn't famous.	0
this is the soldier who died today at the #ottawa war memorial. his name is cpl. nathan cirillo. #rip #ottawastrong URL	0
this dog was abandoned at a scottish railway station with a suitcase full of his belongings URL URL	0
the end is nigh: pepsi is testing doritos-flavored mountain dew. yes, for real: URL	0
local media: 3 people appear to escape from martin place, sydney, caf√©, amid hostage situation - @abcnews URL	0
10 'back to the future' predictions that actually came true URL URL	1
a pregnant woman lost her eye after getting shot with a police bean bag round while she was in her car in #ferguson: URL	0
ukrainian military jet was flying close to #mh17 before it was shot down, says russian officer URL URL	1
cnn/orc poll: donald trump now competitive in general election URL via @jennagiesta URL	1
nhl expansion ‚Äì four teams added by 2017, quebec city, toronto, seattle, and las vegas $1.4b in expansion fees	1
goliath encounter: puppy-sized spider surprises scientist in rainforest @beargrylls @midnight URL URL	0
there will be cool photos of the white house w rainbow colors tonight but hard to top this one by chuck kennedy. URL	0
prayers to our friend, tyrese. his emotional message about paul walker got us choked up... URL	0
authorities collecting passports at #mh17 crash site. australian coat of arms clearly visible. URL URL	1
fukushima now in state of emergency, leaking 300 tons of radioactive water into the ocean daily learn more: URL	1
malia obama wears t shirt of an anti white anti cop rap group. #nypd URL the family that agitates together stays together	1
dear president obama...it looks like stay-at-home moms vote too.	1
donald trump v adolf hitler URL	1
unreal: watch what happens when desperate muslim refugees are offered red cross food URL URL	1
someone spray painted a penis on a $2.4 mill bugatti URL	1
currently boycotting walmart & sam's on w. florissant they donated 10,000 to darren wilson!!!!!! cars are turning around! #fergusonoctober	1
breaking: malaysian airlines passenger 'shot down' near russian border in ukraine URL URL	1
fanged deer spotted in afghanistan for the first time in 65yrs URL rt @independent mt @thewcs cc URL	0
leicester kfc refusing hand wipes to a customer because they anti islamic. what's next? a separate door for woman? sharia sauce? @kfc arses.	1
rt @xxl: president obama‚Äôs daughter wears a pro era t-shirt: URL URL	1
‚ñ∫#anonymous operation #kkk ‚ñ∫ku klux klan, we never stopped watching you URL #opkkk #hoodsoff URL	1
giant puppy-sized spider found in south america said to be world's largest URL URL	0
arenal is one of 6 spectacular volcanoes located in #costarica. URL	1
a canadian soldier has been shot at the country's national war memorial near parliament. URL URL	0
breakfast all around. URL	1
a letter from @lego_group in the 1970s, boxed in with the toys via @s8mb @hfdsp #gender #equality URL	0
at least 12 killed in today's attack on satirical magazine #charliehebdo in paris, official says. URL	0
islamic tribunal in texas operating under sharia law‚ô®Ô∏è@db10524 @lodisilverado @amymek #tcot URL URL	1
warning syrian refugees hv arrived in neworlean &they r here 2stay ur funds r being well invested in one-way tickets URL	1
#breaking: hostages are being held and a siege is taking place at sydney's lindt chocolat cafe in martin place.	0
confirmed | 1 shooter shot dead at parliament hill, but there is more than 1 suspect. #cbcott #ottnews	0
first pics from the site in ukraine where #mh17 crashed URL URL	1
white house set aglow with rainbow pride URL | ap photo URL	0
if betty white dies today and steals joan's thunder i will unleash a reign of terror upon this nation the likes of which u have never seen!!	1
this photo was taken by a tourist at the national war memorial, shortly before nathan cirillo was shot and killed. URL	0
#mexico: doubts grow over the fate of 43 missing students as more bodies found in a mass grave URL URL	1
quite a design flaw rt @nymag: if you sit with your iphone 6 plus in your pocket, it bends beyond repair URL	1
fda confiscates several thousand chickens from kfc farms as mutations worsen URL URL	1
very helpful to know that not only was douche harvard prof ben edelman a racist, but his students were, too==> URL	1
paul walker died too fast, i'm furious.. :/	0
a video has been released by isis apparently showing the murder of british hostage david haines: URL	0
11 confirmed dead, francois hollande to visit scene of attack - latest from paris: URL URL	0
missouri governor declares state of emergency ahead of grand jury URL	1
"you're increasingly compared to hitler. does that bother you? trump: ""no."" URL"	1
but democrats say that syrian refugees are 3 year-old orphans. so why are they worried about them buying guns?	1
ironic timing ‚Äì today first load of 10,000 syrian ‚Äúrefugees‚Äù has arrived in new orleans ‚Äì‚Ä¶ URL URL	1
bruh, just chill. did you see the slang words this chick-fil-a manager banned? URL URL	1
farting does not burn 67 calories and is not a practical weight loss mechanism: URL URL	1
hp confirmed that it's splitting into two companies. and cutting 5,000 jobs. URL $hp URL	0
iphone 6 owners claim it's bending in their pockets URL	1
lots of tweets that darren wilson paid by abc for interview. abc told @brianstelter not true & i've seen no credible reporting to contrary	1
breaking: microsoft is near a deal to buy minecraft maker mojang URL	0
#rtlny: because a stuyvesant senior made $72 million trading stocks on his lunch break URL URL	1
pope francis again appears to suggest progress, but just makes false claims, as his religious belief requires of him URL	0
ukrainian minister says rebels shot down #mh17 malaysia airlines plane URL URL	1
we are running out of chocolate, warns world's largest chocolate manufacturer URL URL	1
saudi cleric proclaims snowman-building 'anti-islamic' (photos, video) URL URL	0
good sweet lord, pepsi is actually testing a doritos-flavored mountain dew URL URL	0
woah, nature. URL URL	0
"talking angela gets ur personal info ""he's a kidnapper"" ""he watches u through ur camera"" URL"	1
a world without chocolate?! two of the world's biggest chocolate makers could face a shortage: URL URL	1
japanese government says fukushima nuclear plant is leaking 300 tons of radioactive water into the ocean every day URL	1
pope francis‚Äô meeting wasn‚Äôt an endorsement of kim davis, vatican says URL	0
breaking news: pope francis‚Äô encounter with kim davis wasn‚Äôt an endorsement of her views, the vatican says. URL	0
paul walker's last pic before his death in car accident :'( #rip #paulwalker URL	0
a vandal painted a brilliantly simple penis on a $2 million bugatti veyron ( URL ) URL	1
mass grave found in mexico town where over 40 students went missing - URL	1
this is how people in china are riding escalators after a horrific accident URL URL	1
donna douglas, known for role as elly may clampett on 'the beverly hillbillies', dies: URL URL	0
"uber says it has hiked prices in sydney to ""encourage more drivers to come online & pick up passengers."" URL #sydneysiege"	0
breaking: at least 10 killed in shooting at french satirical newspaper charlie hebdo, paris prosecutor's office says. URL	0
#breaking gunman in policewoman killing suspected in new paris hostage-taking: source	0
goodbye elly may: 'beverly hillbillies' star donna douglas dead at 81, reports say. URL URL	0
family: @schwarzenegger's last act as governor stole justice from dead son. URL URL	1
"*reads things about talking angela* ""talking angela gets ur personal info"" ""talking angela can access all ur photos"" URL"	1
‡πÄ‡∏ú‡∏¢‡∏Å‡∏ö‡∏è‡∏¢‡∏π‡πÄ‡∏Ñ‡∏£‡∏ô‡∏≠‡∏≤‡∏à‡πÄ‡∏Ç‡πâ‡∏≤‡πÉ‡∏à‡∏ú‡∏¥‡∏î‡∏Ñ‡∏¥‡∏î‡∏ß‡πà‡∏≤ #mh17 ‡πÄ‡∏õ‡πá‡∏ô‡πÄ‡∏Ñ‡∏£‡∏∑‡πà‡∏≠‡∏á‡∏ö‡∏¥‡∏ô‡∏ó‡∏´‡∏≤‡∏£‡∏¢‡∏π‡πÄ‡∏Ñ‡∏£‡∏ô‡∏£‡∏∏‡∏Å‡∏•‡πâ‡∏≥ / 14 ‡∏Å.‡∏Ñ.‡∏Å‡πá‡πÄ‡∏û‡∏¥‡πà‡∏á‡∏¢‡∏¥‡∏á‡∏ï‡∏Å‡πÑ‡∏õ‡∏•‡∏≥ URL URL	1
today first load of obama's 10,000 syrian ‚Äúrefugees‚Äù has arrived in new orleans ‚Äì all single males 18-30 years old URL	1
as sun goes down, white house lights up rainbow colors to celebrate scotus ruling: URL URL	0
"max baer describes donna douglas as ""elly may until the day she died"": URL (cbs) URL"	0
madden nfl 15 simulation correctly predicted the super bowl's final score. URL URL	0
ex-marlboro man dies from smoking-related disease - URL	0
drift into a peaceful slumber w/@thejeffbridges' new #sleepingtapes album. listen now at URL #om URL	1
huh. the wall street journal reports microsoft is close to a $2b deal with mojang, aka the creators of minecraft. URL	0
new info on the crash that killed paul walker URL #rippaulwalker	0
so sad to learn big bank hank has passed away--the sugarhill gang rapper was 57. URL URL	0
malaysia airlines says it lost contact with plane that was flying in ukrainian airspace URL URL	1
raven symone blasts bill cosby rape story URL URL	1
poll: @hillaryclinton trails @berniesanders in new hampshire, even without @vp in the race URL URL	1
no, internet, cnn did not delete its poll showing bernie sanders won the democratic debate. URL URL	1
five hostages escape sydney cafe siege ‚Äî live updates from @buzzfeedoz URL URL	0
this photo was taken by a tourist at the national war memorial, shortly before nathan cirillo was shot and killed. URL	0
'fast and furious' cast mourns paul walker's death URL	0
"nsw police confirm 5 hostages have emerged from #sydneysiege and they are negotiating: ""it might take a bit of time"" URL"	0
paul walker's friends and castmates poured out their hearts overnight URL #rippaulwalker	0
in announcing split, hewlett-packard also boosted the number of its expected layoffs by 5,000 to 55,000. URL $hpq	0
#obamacare will soon require you to get an rfid chip implanted into your skin to monitor and track you.	1
the iphone 6 plus really does have a bending problem URL URL	1
french police chief killed himself after #charliehebdo attack URL URL	1
after an absence of 65 years, the afghan fanged deer has returned URL URL	0
fanged deer pops up in afghanistan, 60 years after its last appearance URL URL	0
that superman poster is legit: URL URL	0
cops swarm #7thheaven star stephen collins' home after suicide report URL URL	1
"what if talking angela is actually boris laursen he be like ""i just stole all your personal information what are you going to do about it"""	1
fanged deer pops up in afghanistan, 60 years after its last appearance URL URL	0
"paula deen moves to have discrimination suit dismissed. just in time for her new book ""how to cook a jew""."	1
the father of steve jobs, the ground-breaking founder of apple, was a refugee from syria URL URL	1
the white house is glowing with pride URL | ap photo URL	0
who said it: donald trump or adolf hitler? URL URL	1
one day, we will see our animals again in the eternity of christ, pope francis said to a boy whose dog died URL	1
apologies if you've already seen a crow riding a bald eagle today. image: phoo chan story: URL URL	0
police confirm that #sydneysiege is finally over. two people reportedly injured after suffering gunshot wounds URL	0
japan: fukushima nuclear plant is leaking 80,000 gallons of radioactive water into ocean daily. URL	1
"a florida woman had surgery to add a third breast to make herself ""unatttractive to men."" URL URL"	1
developing: police pursuing #charliehebdo shooting suspects, helicopters deployed - live feed: URL URL	0
#mexico mass grave discovered after student protesters go missing URL URL	1
woman stabs boyfriend for not liking instagram selfie fast¬†enough URL URL	1
fukushima reactors leaking into groundwater, can't be stopped from getting in ocean, buildings now on mushy land URL	1
senior u.s. official: canadian government has informed u.s. that one shooter is dead in ottawa. live blog: URL	0
police taking people out of #paris grocery where hostages were being held. URL	0
im still on that paul walker situation i can't believe he died especially in a car.	0
